<?xml version="1.0" encoding="UTF-8"?>
<project-private xmlns="http://www.netbeans.org/ns/project-private/1">
    <editor-bookmarks xmlns="http://www.netbeans.org/ns/editor-bookmarks/2" lastBookmarkId="0"/>
    <open-files xmlns="http://www.netbeans.org/ns/projectui-open-files/2">
        <group>
            <file>file:/C:/Users/fabio/Documents/NetBeansProjects/TPPARQUE/src/tpparque/Reloj.java</file>
            <file>file:/C:/Users/fabio/Documents/NetBeansProjects/TPPARQUE/src/tpparque/Parque.java</file>
            <file>file:/C:/Users/fabio/Documents/NetBeansProjects/TPPARQUE/src/tpparque/Shop.java</file>
            <file>file:/C:/Users/fabio/Documents/NetBeansProjects/TPPARQUE/src/tpparque/Acuario.java</file>
            <file>file:/C:/Users/fabio/Documents/NetBeansProjects/TPPARQUE/src/tpparque/Persona.java</file>
            <file>file:/C:/Users/fabio/Documents/NetBeansProjects/TPPARQUE/src/tpparque/CarreraDeGomones.java</file>
            <file>file:/C:/Users/fabio/Documents/NetBeansProjects/TPPARQUE/src/tpparque/TPPARQUE.java</file>
        </group>
    </open-files>
</project-private>
